insurer_code,plan_name,plan_tier,category,metric_label,amount,unit,category_order,sort_order
DB,고급형,2,사망 · 후유장해,상해사망보험금,20000.0,만원,0,0
DB,실속형,0,사망 · 후유장해,상해사망보험금,10000.0,만원,0,0
DB,표준형,1,사망 · 후유장해,상해사망보험금,20000.0,만원,0,0
HYUNDAI,고급형,2,사망 · 후유장해,상해사망보험금,30000.0,만원,0,0
HYUNDAI,실속형,0,사망 · 후유장해,상해사망보험금,10000.0,만원,0,0
HYUNDAI,표준형,1,사망 · 후유장해,상해사망보험금,20000.0,만원,0,0
KAKAOPAY,라이트,0,사망 · 후유장해,상해사망보험금,10000.0,만원,0,0
KAKAOPAY,베이직,1,사망 · 후유장해,상해사망보험금,30000.0,만원,0,0
KAKAOPAY,플러스,2,사망 · 후유장해,상해사망보험금,60000.0,만원,0,0
KB,고급형,2,사망 · 후유장해,상해사망보험금,30000.0,만원,0,0
KB,실속형,0,사망 · 후유장해,상해사망보험금,10000.0,만원,0,0
KB,표준형,1,사망 · 후유장해,상해사망보험금,20000.0,만원,0,0
MERITZ,보장이큰플랜,2,사망 · 후유장해,상해사망보험금,20000.0,만원,0,0
MERITZ,실속플랜,0,사망 · 후유장해,상해사망보험금,10000.0,만원,0,0
MERITZ,추천플랜,1,사망 · 후유장해,상해사망보험금,20000.0,만원,0,0
SAMSUNG,고급플랜,2,사망 · 후유장해,상해사망보험금,60000.0,만원,0,0
SAMSUNG,실속플랜,0,사망 · 후유장해,상해사망보험금,10000.0,만원,0,0
SAMSUNG,표준플랜,1,사망 · 후유장해,상해사망보험금,30000.0,만원,0,0
SHINHAN,실속케어,0,사망 · 후유장해,상해사망보험금,10000.0,만원,0,0
SHINHAN,안심케어,1,사망 · 후유장해,상해사망보험금,20000.0,만원,0,0
DB,고급형,2,사망 · 후유장해,상해후유장해보험금,20000.0,만원,0,1
DB,실속형,0,사망 · 후유장해,상해후유장해보험금,10000.0,만원,0,1
DB,표준형,1,사망 · 후유장해,상해후유장해보험금,20000.0,만원,0,1
HYUNDAI,고급형,2,사망 · 후유장해,상해후유장해보험금,30000.0,만원,0,1
HYUNDAI,실속형,0,사망 · 후유장해,상해후유장해보험금,10000.0,만원,0,1
HYUNDAI,표준형,1,사망 · 후유장해,상해후유장해보험금,20000.0,만원,0,1
KAKAOPAY,라이트,0,사망 · 후유장해,상해후유장해보험금,10000.0,만원,0,1
KAKAOPAY,베이직,1,사망 · 후유장해,상해후유장해보험금,30000.0,만원,0,1
KAKAOPAY,플러스,2,사망 · 후유장해,상해후유장해보험금,30000.0,만원,0,1
KB,고급형,2,사망 · 후유장해,상해후유장해보험금,30000.0,만원,0,1
KB,실속형,0,사망 · 후유장해,상해후유장해보험금,10000.0,만원,0,1
KB,표준형,1,사망 · 후유장해,상해후유장해보험금,20000.0,만원,0,1
MERITZ,보장이큰플랜,2,사망 · 후유장해,상해후유장해보험금,20000.0,만원,0,1
MERITZ,실속플랜,0,사망 · 후유장해,상해후유장해보험금,10000.0,만원,0,1
MERITZ,추천플랜,1,사망 · 후유장해,상해후유장해보험금,20000.0,만원,0,1
SAMSUNG,고급플랜,2,사망 · 후유장해,상해후유장해보험금,60000.0,만원,0,1
SAMSUNG,실속플랜,0,사망 · 후유장해,상해후유장해보험금,10000.0,만원,0,1
SAMSUNG,표준플랜,1,사망 · 후유장해,상해후유장해보험금,30000.0,만원,0,1
SHINHAN,실속케어,0,사망 · 후유장해,상해후유장해보험금,10000.0,만원,0,1
SHINHAN,안심케어,1,사망 · 후유장해,상해후유장해보험금,20000.0,만원,0,1
DB,고급형,2,사망 · 후유장해,질병사망/고도후유장해,3000.0,만원,0,2
DB,실속형,0,사망 · 후유장해,질병사망/고도후유장해,3000.0,만원,0,2
DB,표준형,1,사망 · 후유장해,질병사망/고도후유장해,3000.0,만원,0,2
HYUNDAI,고급형,2,사망 · 후유장해,질병사망/고도후유장해,5000.0,만원,0,2
HYUNDAI,실속형,0,사망 · 후유장해,질병사망/고도후유장해,1000.0,만원,0,2
HYUNDAI,표준형,1,사망 · 후유장해,질병사망/고도후유장해,3000.0,만원,0,2
KAKAOPAY,라이트,0,사망 · 후유장해,질병사망/고도후유장해,3000.0,만원,0,2
KAKAOPAY,베이직,1,사망 · 후유장해,질병사망/고도후유장해,5000.0,만원,0,2
KAKAOPAY,플러스,2,사망 · 후유장해,질병사망/고도후유장해,10000.0,만원,0,2
KB,고급형,2,사망 · 후유장해,질병사망/고도후유장해,5000.0,만원,0,2
KB,실속형,0,사망 · 후유장해,질병사망/고도후유장해,3000.0,만원,0,2
KB,표준형,1,사망 · 후유장해,질병사망/고도후유장해,4000.0,만원,0,2
MERITZ,보장이큰플랜,2,사망 · 후유장해,질병사망/고도후유장해,5000.0,만원,0,2
MERITZ,실속플랜,0,사망 · 후유장해,질병사망/고도후유장해,3000.0,만원,0,2
MERITZ,추천플랜,1,사망 · 후유장해,질병사망/고도후유장해,3000.0,만원,0,2
SAMSUNG,고급플랜,2,사망 · 후유장해,질병사망/고도후유장해,10000.0,만원,0,2
SAMSUNG,실속플랜,0,사망 · 후유장해,질병사망/고도후유장해,3000.0,만원,0,2
SAMSUNG,표준플랜,1,사망 · 후유장해,질병사망/고도후유장해,4000.0,만원,0,2
SHINHAN,실속케어,0,사망 · 후유장해,질병사망/고도후유장해,3000.0,만원,0,2
SHINHAN,안심케어,1,사망 · 후유장해,질병사망/고도후유장해,5000.0,만원,0,2
DB,고급형,2,의료비,해외 상해의료비,5000.0,만원,1,0
DB,실속형,0,의료비,해외 상해의료비,5000.0,만원,1,0
DB,표준형,1,의료비,해외 상해의료비,5000.0,만원,1,0
HYUNDAI,고급형,2,의료비,해외 상해의료비,5000.0,만원,1,0
HYUNDAI,실속형,0,의료비,해외 상해의료비,2000.0,만원,1,0
HYUNDAI,표준형,1,의료비,해외 상해의료비,3000.0,만원,1,0
KAKAOPAY,라이트,0,의료비,해외 상해의료비,3000.0,만원,1,0
KAKAOPAY,베이직,1,의료비,해외 상해의료비,5000.0,만원,1,0
KAKAOPAY,플러스,2,의료비,해외 상해의료비,10000.0,만원,1,0
KB,고급형,2,의료비,해외 상해의료비,7000.0,만원,1,0
KB,실속형,0,의료비,해외 상해의료비,3000.0,만원,1,0
KB,표준형,1,의료비,해외 상해의료비,5000.0,만원,1,0
MERITZ,보장이큰플랜,2,의료비,해외 상해의료비,7000.0,만원,1,0
MERITZ,실속플랜,0,의료비,해외 상해의료비,5000.0,만원,1,0
MERITZ,추천플랜,1,의료비,해외 상해의료비,7000.0,만원,1,0
SAMSUNG,고급플랜,2,의료비,해외 상해의료비,5000.0,만원,1,0
SAMSUNG,실속플랜,0,의료비,해외 상해의료비,2000.0,만원,1,0
SAMSUNG,표준플랜,1,의료비,해외 상해의료비,3000.0,만원,1,0
SHINHAN,실속케어,0,의료비,해외 상해의료비,3000.0,만원,1,0
SHINHAN,안심케어,1,의료비,해외 상해의료비,5000.0,만원,1,0
DB,고급형,2,의료비,해외 질병의료비,5000.0,만원,1,1
DB,실속형,0,의료비,해외 질병의료비,5000.0,만원,1,1
DB,표준형,1,의료비,해외 질병의료비,5000.0,만원,1,1
HYUNDAI,고급형,2,의료비,해외 질병의료비,5000.0,만원,1,1
HYUNDAI,실속형,0,의료비,해외 질병의료비,2000.0,만원,1,1
HYUNDAI,표준형,1,의료비,해외 질병의료비,3000.0,만원,1,1
KAKAOPAY,라이트,0,의료비,해외 질병의료비,3000.0,만원,1,1
KAKAOPAY,베이직,1,의료비,해외 질병의료비,5000.0,만원,1,1
KAKAOPAY,플러스,2,의료비,해외 질병의료비,10000.0,만원,1,1
KB,고급형,2,의료비,해외 질병의료비,7000.0,만원,1,1
KB,실속형,0,의료비,해외 질병의료비,3000.0,만원,1,1
KB,표준형,1,의료비,해외 질병의료비,5000.0,만원,1,1
MERITZ,보장이큰플랜,2,의료비,해외 질병의료비,7000.0,만원,1,1
MERITZ,실속플랜,0,의료비,해외 질병의료비,5000.0,만원,1,1
MERITZ,추천플랜,1,의료비,해외 질병의료비,7000.0,만원,1,1
SAMSUNG,고급플랜,2,의료비,해외 질병의료비,5000.0,만원,1,1
SAMSUNG,실속플랜,0,의료비,해외 질병의료비,2000.0,만원,1,1
SAMSUNG,표준플랜,1,의료비,해외 질병의료비,3000.0,만원,1,1
SHINHAN,실속케어,0,의료비,해외 질병의료비,3000.0,만원,1,1
SHINHAN,안심케어,1,의료비,해외 질병의료비,5000.0,만원,1,1
DB,고급형,2,의료비,국내 상해의료비(급여),5000.0,만원,1,2
DB,실속형,0,의료비,국내 상해의료비(급여),3000.0,만원,1,2
DB,표준형,1,의료비,국내 상해의료비(급여),3000.0,만원,1,2
HYUNDAI,고급형,2,의료비,국내 상해의료비(급여),5000.0,만원,1,2
HYUNDAI,실속형,0,의료비,국내 상해의료비(급여),1000.0,만원,1,2
HYUNDAI,표준형,1,의료비,국내 상해의료비(급여),3000.0,만원,1,2
KAKAOPAY,베이직,1,의료비,국내 상해의료비(급여),1000.0,만원,1,2
KAKAOPAY,플러스,2,의료비,국내 상해의료비(급여),1000.0,만원,1,2
KB,고급형,2,의료비,국내 상해의료비(급여),5000.0,만원,1,2
KB,실속형,0,의료비,국내 상해의료비(급여),1000.0,만원,1,2
KB,표준형,1,의료비,국내 상해의료비(급여),3000.0,만원,1,2
MERITZ,보장이큰플랜,2,의료비,국내 상해의료비(급여),5000.0,만원,1,2
MERITZ,실속플랜,0,의료비,국내 상해의료비(급여),5000.0,만원,1,2
MERITZ,추천플랜,1,의료비,국내 상해의료비(급여),5000.0,만원,1,2
SHINHAN,실속케어,0,의료비,국내 상해의료비(급여),3000.0,만원,1,2
SHINHAN,안심케어,1,의료비,국내 상해의료비(급여),5000.0,만원,1,2
DB,고급형,2,의료비,국내 질병의료비(급여),5000.0,만원,1,3
DB,실속형,0,의료비,국내 질병의료비(급여),3000.0,만원,1,3
DB,표준형,1,의료비,국내 질병의료비(급여),3000.0,만원,1,3
HYUNDAI,고급형,2,의료비,국내 질병의료비(급여),5000.0,만원,1,3
HYUNDAI,실속형,0,의료비,국내 질병의료비(급여),1000.0,만원,1,3
HYUNDAI,표준형,1,의료비,국내 질병의료비(급여),3000.0,만원,1,3
KAKAOPAY,베이직,1,의료비,국내 질병의료비(급여),1000.0,만원,1,3
KAKAOPAY,플러스,2,의료비,국내 질병의료비(급여),1000.0,만원,1,3
KB,고급형,2,의료비,국내 질병의료비(급여),5000.0,만원,1,3
KB,실속형,0,의료비,국내 질병의료비(급여),1000.0,만원,1,3
KB,표준형,1,의료비,국내 질병의료비(급여),3000.0,만원,1,3
MERITZ,보장이큰플랜,2,의료비,국내 질병의료비(급여),5000.0,만원,1,3
MERITZ,실속플랜,0,의료비,국내 질병의료비(급여),5000.0,만원,1,3
MERITZ,추천플랜,1,의료비,국내 질병의료비(급여),5000.0,만원,1,3
SHINHAN,실속케어,0,의료비,국내 질병의료비(급여),3000.0,만원,1,3
SHINHAN,안심케어,1,의료비,국내 질병의료비(급여),5000.0,만원,1,3
DB,고급형,2,의료비,국내 3대 비급여의료비,350.0,만원,1,4
DB,실속형,0,의료비,국내 3대 비급여의료비,350.0,만원,1,4
DB,표준형,1,의료비,국내 3대 비급여의료비,350.0,만원,1,4
HYUNDAI,고급형,2,의료비,국내 3대 비급여의료비,350.0,만원,1,4
HYUNDAI,실속형,0,의료비,국내 3대 비급여의료비,350.0,만원,1,4
HYUNDAI,표준형,1,의료비,국내 3대 비급여의료비,350.0,만원,1,4
KB,고급형,2,의료비,국내 3대 비급여의료비,350.0,만원,1,4
KB,실속형,0,의료비,국내 3대 비급여의료비,350.0,만원,1,4
KB,표준형,1,의료비,국내 3대 비급여의료비,350.0,만원,1,4
MERITZ,보장이큰플랜,2,의료비,국내 3대 비급여의료비,350.0,만원,1,4
MERITZ,실속플랜,0,의료비,국내 3대 비급여의료비,350.0,만원,1,4
MERITZ,추천플랜,1,의료비,국내 3대 비급여의료비,350.0,만원,1,4
SHINHAN,실속케어,0,의료비,국내 3대 비급여의료비,350.0,만원,1,4
SHINHAN,안심케어,1,의료비,국내 3대 비급여의료비,350.0,만원,1,4
DB,고급형,2,의료비,국내 비급여 MRI/MRA,200.0,만원,1,5
DB,실속형,0,의료비,국내 비급여 MRI/MRA,200.0,만원,1,5
DB,표준형,1,의료비,국내 비급여 MRI/MRA,200.0,만원,1,5
HYUNDAI,고급형,2,의료비,국내 비급여 MRI/MRA,200.0,만원,1,5
HYUNDAI,실속형,0,의료비,국내 비급여 MRI/MRA,200.0,만원,1,5
HYUNDAI,표준형,1,의료비,국내 비급여 MRI/MRA,200.0,만원,1,5
KAKAOPAY,라이트,0,의료비,국내 비급여 MRI/MRA,200.0,만원,1,5
KAKAOPAY,베이직,1,의료비,국내 비급여 MRI/MRA,200.0,만원,1,5
KAKAOPAY,플러스,2,의료비,국내 비급여 MRI/MRA,200.0,만원,1,5
KB,고급형,2,의료비,국내 비급여 MRI/MRA,200.0,만원,1,5
KB,실속형,0,의료비,국내 비급여 MRI/MRA,200.0,만원,1,5
KB,표준형,1,의료비,국내 비급여 MRI/MRA,200.0,만원,1,5
MERITZ,보장이큰플랜,2,의료비,국내 비급여 MRI/MRA,200.0,만원,1,5
MERITZ,실속플랜,0,의료비,국내 비급여 MRI/MRA,200.0,만원,1,5
MERITZ,추천플랜,1,의료비,국내 비급여 MRI/MRA,200.0,만원,1,5
SHINHAN,실속케어,0,의료비,국내 비급여 MRI/MRA,200.0,만원,1,5
SHINHAN,안심케어,1,의료비,국내 비급여 MRI/MRA,200.0,만원,1,5
DB,고급형,2,휴대품 · 도난 · 배상책임,휴대품손해(분실제외),50.0,만원,2,0
DB,실속형,0,휴대품 · 도난 · 배상책임,휴대품손해(분실제외),20.0,만원,2,0
DB,표준형,1,휴대품 · 도난 · 배상책임,휴대품손해(분실제외),50.0,만원,2,0
HYUNDAI,고급형,2,휴대품 · 도난 · 배상책임,휴대품손해(분실제외),200.0,만원,2,0
HYUNDAI,실속형,0,휴대품 · 도난 · 배상책임,휴대품손해(분실제외),60.0,만원,2,0
HYUNDAI,표준형,1,휴대품 · 도난 · 배상책임,휴대품손해(분실제외),100.0,만원,2,0
KAKAOPAY,라이트,0,휴대품 · 도난 · 배상책임,휴대품손해(분실제외),40.0,만원,2,0
KAKAOPAY,베이직,1,휴대품 · 도난 · 배상책임,휴대품손해(분실제외),100.0,만원,2,0
KAKAOPAY,플러스,2,휴대품 · 도난 · 배상책임,휴대품손해(분실제외),100.0,만원,2,0
KB,고급형,2,휴대품 · 도난 · 배상책임,휴대품손해(분실제외),200.0,만원,2,0
KB,실속형,0,휴대품 · 도난 · 배상책임,휴대품손해(분실제외),100.0,만원,2,0
KB,표준형,1,휴대품 · 도난 · 배상책임,휴대품손해(분실제외),150.0,만원,2,0
MERITZ,보장이큰플랜,2,휴대품 · 도난 · 배상책임,휴대품손해(분실제외),300.0,만원,2,0
MERITZ,실속플랜,0,휴대품 · 도난 · 배상책임,휴대품손해(분실제외),200.0,만원,2,0
MERITZ,추천플랜,1,휴대품 · 도난 · 배상책임,휴대품손해(분실제외),250.0,만원,2,0
SAMSUNG,고급플랜,2,휴대품 · 도난 · 배상책임,휴대품손해(분실제외),200.0,만원,2,0
SAMSUNG,실속플랜,0,휴대품 · 도난 · 배상책임,휴대품손해(분실제외),50.0,만원,2,0
SAMSUNG,표준플랜,1,휴대품 · 도난 · 배상책임,휴대품손해(분실제외),100.0,만원,2,0
SHINHAN,실속케어,0,휴대품 · 도난 · 배상책임,휴대품손해(분실제외),50.0,만원,2,0
SHINHAN,안심케어,1,휴대품 · 도난 · 배상책임,휴대품손해(분실제외),100.0,만원,2,0
HYUNDAI,고급형,2,휴대품 · 도난 · 배상책임,자택도난손해,300.0,만원,2,1
HYUNDAI,표준형,1,휴대품 · 도난 · 배상책임,자택도난손해,200.0,만원,2,1
KAKAOPAY,베이직,1,휴대품 · 도난 · 배상책임,자택도난손해,100.0,만원,2,1
KAKAOPAY,플러스,2,휴대품 · 도난 · 배상책임,자택도난손해,100.0,만원,2,1
KB,고급형,2,휴대품 · 도난 · 배상책임,자택도난손해,500.0,만원,2,1
KB,표준형,1,휴대품 · 도난 · 배상책임,자택도난손해,300.0,만원,2,1
MERITZ,보장이큰플랜,2,휴대품 · 도난 · 배상책임,자택도난손해,300.0,만원,2,1
MERITZ,실속플랜,0,휴대품 · 도난 · 배상책임,자택도난손해,100.0,만원,2,1
MERITZ,추천플랜,1,휴대품 · 도난 · 배상책임,자택도난손해,300.0,만원,2,1
SAMSUNG,고급플랜,2,휴대품 · 도난 · 배상책임,자택도난손해,100.0,만원,2,1
SAMSUNG,표준플랜,1,휴대품 · 도난 · 배상책임,자택도난손해,100.0,만원,2,1
DB,고급형,2,휴대품 · 도난 · 배상책임,배상책임,1000.0,만원,2,2
DB,실속형,0,휴대품 · 도난 · 배상책임,배상책임,1000.0,만원,2,2
DB,표준형,1,휴대품 · 도난 · 배상책임,배상책임,1000.0,만원,2,2
HYUNDAI,고급형,2,휴대품 · 도난 · 배상책임,배상책임,5000.0,만원,2,2
HYUNDAI,실속형,0,휴대품 · 도난 · 배상책임,배상책임,3000.0,만원,2,2
HYUNDAI,표준형,1,휴대품 · 도난 · 배상책임,배상책임,4000.0,만원,2,2
KAKAOPAY,라이트,0,휴대품 · 도난 · 배상책임,배상책임,3000.0,만원,2,2
KAKAOPAY,베이직,1,휴대품 · 도난 · 배상책임,배상책임,5000.0,만원,2,2
KAKAOPAY,플러스,2,휴대품 · 도난 · 배상책임,배상책임,5000.0,만원,2,2
KB,고급형,2,휴대품 · 도난 · 배상책임,배상책임,5000.0,만원,2,2
KB,실속형,0,휴대품 · 도난 · 배상책임,배상책임,5000.0,만원,2,2
KB,표준형,1,휴대품 · 도난 · 배상책임,배상책임,5000.0,만원,2,2
MERITZ,보장이큰플랜,2,휴대품 · 도난 · 배상책임,배상책임,3000.0,만원,2,2
MERITZ,실속플랜,0,휴대품 · 도난 · 배상책임,배상책임,3000.0,만원,2,2
MERITZ,추천플랜,1,휴대품 · 도난 · 배상책임,배상책임,5000.0,만원,2,2
SAMSUNG,고급플랜,2,휴대품 · 도난 · 배상책임,배상책임,5000.0,만원,2,2
SAMSUNG,실속플랜,0,휴대품 · 도난 · 배상책임,배상책임,3000.0,만원,2,2
SAMSUNG,표준플랜,1,휴대품 · 도난 · 배상책임,배상책임,4000.0,만원,2,2
SHINHAN,실속케어,0,휴대품 · 도난 · 배상책임,배상책임,3000.0,만원,2,2
SHINHAN,안심케어,1,휴대품 · 도난 · 배상책임,배상책임,5000.0,만원,2,2
SHINHAN,실속케어,0,항공기 · 수하물 지연,수하물/항공편 지연,30.0,만원,3,0
SHINHAN,안심케어,1,항공기 · 수하물 지연,수하물/항공편 지연,50.0,만원,3,0
HYUNDAI,고급형,2,항공기 · 수하물 지연,출국항공기지연(지수형),10.0,만원,3,1
HYUNDAI,실속형,0,항공기 · 수하물 지연,출국항공기지연(지수형),10.0,만원,3,1
HYUNDAI,표준형,1,항공기 · 수하물 지연,출국항공기지연(지수형),10.0,만원,3,1
KAKAOPAY,라이트,0,항공기 · 수하물 지연,출국항공기지연(지수형),10.0,만원,3,1
KAKAOPAY,베이직,1,항공기 · 수하물 지연,출국항공기지연(지수형),10.0,만원,3,1
KAKAOPAY,플러스,2,항공기 · 수하물 지연,출국항공기지연(지수형),10.0,만원,3,1
KB,고급형,2,항공기 · 수하물 지연,출국항공기지연(지수형),10.0,만원,3,1
KB,표준형,1,항공기 · 수하물 지연,출국항공기지연(지수형),10.0,만원,3,1
HYUNDAI,고급형,2,기타 특수담보,여권분실 재발급비용,20.0,만원,4,0
HYUNDAI,실속형,0,기타 특수담보,여권분실 재발급비용,20.0,만원,4,0
HYUNDAI,표준형,1,기타 특수담보,여권분실 재발급비용,20.0,만원,4,0
MERITZ,보장이큰플랜,2,기타 특수담보,여권분실 재발급비용,6.0,만원,4,0
MERITZ,실속플랜,0,기타 특수담보,여권분실 재발급비용,6.0,만원,4,0
MERITZ,추천플랜,1,기타 특수담보,여권분실 재발급비용,6.0,만원,4,0
SHINHAN,실속케어,0,기타 특수담보,여권분실 재발급비용,6.7,만원,4,0
SHINHAN,안심케어,1,기타 특수담보,여권분실 재발급비용,6.7,만원,4,0
DB,고급형,2,기타 특수담보,중대사고 구조송환비용,5000.0,만원,4,1
DB,실속형,0,기타 특수담보,중대사고 구조송환비용,3000.0,만원,4,1
DB,표준형,1,기타 특수담보,중대사고 구조송환비용,5000.0,만원,4,1
HYUNDAI,고급형,2,기타 특수담보,중대사고 구조송환비용,5000.0,만원,4,1
HYUNDAI,실속형,0,기타 특수담보,중대사고 구조송환비용,2000.0,만원,4,1
HYUNDAI,표준형,1,기타 특수담보,중대사고 구조송환비용,3000.0,만원,4,1
KAKAOPAY,라이트,0,기타 특수담보,중대사고 구조송환비용,5000.0,만원,4,1
KAKAOPAY,베이직,1,기타 특수담보,중대사고 구조송환비용,10000.0,만원,4,1
KAKAOPAY,플러스,2,기타 특수담보,중대사고 구조송환비용,10000.0,만원,4,1
KB,고급형,2,기타 특수담보,중대사고 구조송환비용,5000.0,만원,4,1
KB,실속형,0,기타 특수담보,중대사고 구조송환비용,5000.0,만원,4,1
KB,표준형,1,기타 특수담보,중대사고 구조송환비용,5000.0,만원,4,1
MERITZ,보장이큰플랜,2,기타 특수담보,중대사고 구조송환비용,5000.0,만원,4,1
MERITZ,실속플랜,0,기타 특수담보,중대사고 구조송환비용,5000.0,만원,4,1
MERITZ,추천플랜,1,기타 특수담보,중대사고 구조송환비용,5000.0,만원,4,1
SAMSUNG,고급플랜,2,기타 특수담보,중대사고 구조송환비용,5000.0,만원,4,1
SAMSUNG,실속플랜,0,기타 특수담보,중대사고 구조송환비용,3000.0,만원,4,1
SAMSUNG,표준플랜,1,기타 특수담보,중대사고 구조송환비용,4000.0,만원,4,1
SHINHAN,실속케어,0,기타 특수담보,중대사고 구조송환비용,5000.0,만원,4,1
SHINHAN,안심케어,1,기타 특수담보,중대사고 구조송환비용,10000.0,만원,4,1
DB,고급형,2,기타 특수담보,항공기납치위로금,7.0,만원,4,2
DB,실속형,0,기타 특수담보,항공기납치위로금,7.0,만원,4,2
DB,표준형,1,기타 특수담보,항공기납치위로금,7.0,만원,4,2
HYUNDAI,고급형,2,기타 특수담보,항공기납치위로금,140.0,만원,4,2
HYUNDAI,실속형,0,기타 특수담보,항공기납치위로금,140.0,만원,4,2
HYUNDAI,표준형,1,기타 특수담보,항공기납치위로금,140.0,만원,4,2
KAKAOPAY,베이직,1,기타 특수담보,항공기납치위로금,140.0,만원,4,2
KAKAOPAY,플러스,2,기타 특수담보,항공기납치위로금,140.0,만원,4,2
KB,고급형,2,기타 특수담보,항공기납치위로금,140.0,만원,4,2
KB,실속형,0,기타 특수담보,항공기납치위로금,140.0,만원,4,2
KB,표준형,1,기타 특수담보,항공기납치위로금,140.0,만원,4,2
MERITZ,보장이큰플랜,2,기타 특수담보,항공기납치위로금,140.0,만원,4,2
MERITZ,실속플랜,0,기타 특수담보,항공기납치위로금,140.0,만원,4,2
MERITZ,추천플랜,1,기타 특수담보,항공기납치위로금,140.0,만원,4,2
SAMSUNG,고급플랜,2,기타 특수담보,항공기납치위로금,140.0,만원,4,2
SAMSUNG,표준플랜,1,기타 특수담보,항공기납치위로금,140.0,만원,4,2
SHINHAN,실속케어,0,기타 특수담보,항공기납치위로금,140.0,만원,4,2
SHINHAN,안심케어,1,기타 특수담보,항공기납치위로금,140.0,만원,4,2
DB,고급형,2,기타 특수담보,여행중단 추가비용,30.0,만원,4,3
DB,실속형,0,기타 특수담보,여행중단 추가비용,20.0,만원,4,3
DB,표준형,1,기타 특수담보,여행중단 추가비용,30.0,만원,4,3
HYUNDAI,고급형,2,기타 특수담보,여행중단 추가비용,30.0,만원,4,3
HYUNDAI,실속형,0,기타 특수담보,여행중단 추가비용,20.0,만원,4,3
HYUNDAI,표준형,1,기타 특수담보,여행중단 추가비용,30.0,만원,4,3
KAKAOPAY,베이직,1,기타 특수담보,여행중단 추가비용,30.0,만원,4,3
KAKAOPAY,플러스,2,기타 특수담보,여행중단 추가비용,30.0,만원,4,3
KB,고급형,2,기타 특수담보,여행중단 추가비용,30.0,만원,4,3
KB,실속형,0,기타 특수담보,여행중단 추가비용,20.0,만원,4,3
KB,표준형,1,기타 특수담보,여행중단 추가비용,20.0,만원,4,3
MERITZ,보장이큰플랜,2,기타 특수담보,여행중단 추가비용,20.0,만원,4,3
MERITZ,실속플랜,0,기타 특수담보,여행중단 추가비용,20.0,만원,4,3
MERITZ,추천플랜,1,기타 특수담보,여행중단 추가비용,20.0,만원,4,3
SAMSUNG,고급플랜,2,기타 특수담보,여행중단 추가비용,30.0,만원,4,3
SAMSUNG,표준플랜,1,기타 특수담보,여행중단 추가비용,20.0,만원,4,3
SHINHAN,안심케어,1,기타 특수담보,여행중단 추가비용,30.0,만원,4,3
DB,고급형,2,기타 특수담보,식중독 보상,20.0,만원,4,4
DB,실속형,0,기타 특수담보,식중독 보상,20.0,만원,4,4
DB,표준형,1,기타 특수담보,식중독 보상,20.0,만원,4,4
HYUNDAI,고급형,2,기타 특수담보,식중독 보상,30.0,만원,4,4
HYUNDAI,실속형,0,기타 특수담보,식중독 보상,20.0,만원,4,4
HYUNDAI,표준형,1,기타 특수담보,식중독 보상,30.0,만원,4,4
KAKAOPAY,베이직,1,기타 특수담보,식중독 보상,30.0,만원,4,4
KAKAOPAY,플러스,2,기타 특수담보,식중독 보상,30.0,만원,4,4
MERITZ,보장이큰플랜,2,기타 특수담보,식중독 보상,20.0,만원,4,4
MERITZ,실속플랜,0,기타 특수담보,식중독 보상,20.0,만원,4,4
MERITZ,추천플랜,1,기타 특수담보,식중독 보상,20.0,만원,4,4
SAMSUNG,고급플랜,2,기타 특수담보,식중독 보상,30.0,만원,4,4
SAMSUNG,표준플랜,1,기타 특수담보,식중독 보상,20.0,만원,4,4
SHINHAN,안심케어,1,기타 특수담보,식중독 보상,30.0,만원,4,4
DB,고급형,2,기타 특수담보,특정전염병 보상금,20.0,만원,4,5
DB,실속형,0,기타 특수담보,특정전염병 보상금,20.0,만원,4,5
DB,표준형,1,기타 특수담보,특정전염병 보상금,20.0,만원,4,5
HYUNDAI,고급형,2,기타 특수담보,특정전염병 보상금,30.0,만원,4,5
HYUNDAI,실속형,0,기타 특수담보,특정전염병 보상금,20.0,만원,4,5
HYUNDAI,표준형,1,기타 특수담보,특정전염병 보상금,30.0,만원,4,5
KAKAOPAY,베이직,1,기타 특수담보,특정전염병 보상금,30.0,만원,4,5
KAKAOPAY,플러스,2,기타 특수담보,특정전염병 보상금,30.0,만원,4,5
KB,고급형,2,기타 특수담보,특정전염병 보상금,30.0,만원,4,5
KB,실속형,0,기타 특수담보,특정전염병 보상금,20.0,만원,4,5
KB,표준형,1,기타 특수담보,특정전염병 보상금,20.0,만원,4,5
MERITZ,보장이큰플랜,2,기타 특수담보,특정전염병 보상금,30.0,만원,4,5
MERITZ,실속플랜,0,기타 특수담보,특정전염병 보상금,30.0,만원,4,5
MERITZ,추천플랜,1,기타 특수담보,특정전염병 보상금,30.0,만원,4,5
SAMSUNG,고급플랜,2,기타 특수담보,특정전염병 보상금,30.0,만원,4,5
SAMSUNG,표준플랜,1,기타 특수담보,특정전염병 보상금,20.0,만원,4,5
SHINHAN,안심케어,1,기타 특수담보,특정전염병 보상금,30.0,만원,4,5
HYUNDAI,고급형,2,기타 특수담보,상해입원일당,3.0,만원,4,6
HYUNDAI,표준형,1,기타 특수담보,상해입원일당,3.0,만원,4,6
KB,고급형,2,기타 특수담보,상해입원일당,5.0,만원,4,6
KB,실속형,0,기타 특수담보,상해입원일당,2.0,만원,4,6
KB,표준형,1,기타 특수담보,상해입원일당,3.0,만원,4,6
MERITZ,보장이큰플랜,2,기타 특수담보,상해입원일당,1.0,만원,4,6
MERITZ,실속플랜,0,기타 특수담보,상해입원일당,1.0,만원,4,6
MERITZ,추천플랜,1,기타 특수담보,상해입원일당,1.0,만원,4,6
